{
  "version": "2.1.0",
  "mode": "single_stage",
  "model_type": "xgboost",
  "feature_count": 65,
  "threshold_low": 0.15,
  "threshold_high": 0.85,
  "optimal_threshold": 0.41889315843582153,
  "platt_a": -10.085323847656475,
  "platt_b": 5.187403251412839,
  "metrics": {
    "precision": 0.9654569304766069,
    "recall": 0.9914683430624158,
    "f1": 0.9782897651750111,
    "accuracy": 0.9783664459161148,
    "auc_roc": 0.9983805118604206,
    "threshold_low": 0.15,
    "threshold_high": 0.85,
    "safe_count": 2243,
    "secret_count": 2193,
    "review_count": 94,
    "review_zone_pct": 2.075055187637969
  },
  "golden_metrics": {
    "precision": 0.9521276595744681,
    "recall": 0.895,
    "f1": 0.9226804123711341,
    "accuracy": 0.8993288590604027,
    "auc_roc": 0.9562755102040815,
    "threshold_low": 0.15,
    "threshold_high": 0.85,
    "safe_count": 110,
    "secret_count": 139,
    "review_count": 49,
    "review_zone_pct": 16.44295302013423
  },
  "training_samples": 24846,
  "validation_samples": 3046,
  "calibration_samples": 3006,
  "test_samples": 4530,
  "golden_samples": 298,
  "feature_importance_top10": {
    "line_position_ratio": 0.2589011490345001,
    "file_is_test": 0.09267411381006241,
    "context_has_import": 0.06132708117365837,
    "file_is_git_related": 0.05831971764564514,
    "var_contains_safe": 0.05392990633845329,
    "is_known_hash_length": 0.04508076608181,
    "context_mentions_test": 0.044295553117990494,
    "key_value_distance": 0.032766539603471756,
    "var_ngram_secret_score": 0.032413989305496216,
    "digit_ratio": 0.02942725643515587
  },
  "created_at": "2026-04-25T21:41:27.370034",
  "seed": 42
}